"Data Source","World Development Indicators",

"Last Updated Date","2023-07-25",

"Country Name","Country Code","Indicator Name","Indicator Code","1960","1961","1962","1963","1964","1965","1966","1967","1968","1969","1970","1971","1972","1973","1974","1975","1976","1977","1978","1979","1980","1981","1982","1983","1984","1985","1986","1987","1988","1989","1990","1991","1992","1993","1994","1995","1996","1997","1998","1999","2000","2001","2002","2003","2004","2005","2006","2007","2008","2009","2010","2011","2012","2013","2014","2015","2016","2017","2018","2019","2020","2021","2022",
"Aruba","ABW","Internally displaced persons, total displaced by conflict and violence (number of people)","VC.IDP.TOCV","","","","","","","","","","","","","","","","","","","","","","","","","","","","","","","","","","","","","","","","","","","","","","","","","","","","","","","","","","","","","","","",
"Africa Eastern and Southern","AFE","Internally displaced persons, total displaced by conflict and violence (number of people)","VC.IDP.TOCV","","","","","","","","","","","","","","","","","","","","","","","","","","","","","","","","","","","","","","","","","","","","","","","","","","","","","","","","","","","","","","","",
"Afghanistan","AFG","Internally displaced persons, total displaced by conflict and violence (number of people)","VC.IDP.TOCV","","","","","","","","","","","","","","","","","","","","","","","","","","","","","","","","","","","","","","","","","","","","","","","","","","297000","352000","450000","492000","631000","805000","1174000","1200000","1286000","2598000","2993000","3547000","4314000","4394000",
"Africa Western and Central","AFW","Internally displaced persons, total displaced by conflict and violence (number of people)","VC.IDP.TOCV","","","","","","","","","","","","","","","","","","","","","","","","","","","","","","","","","","","","","","","","","","","","","","","","","","","","","","4698800","2062800","3319800","3177200","3406900","4403500","5736400","6874400","7808600","8432500",
"Angola","AGO","Internally displaced persons, total displaced by conflict and violence (number of people)","VC.IDP.TOCV","","","","","","","","","","","","","","","","","","","","","","","","","","","","","","","","","","","","","","","","","","","","","","","","","","","","","","","","","","","","","","","",
"Albania","ALB","Internally displaced persons, total displaced by conflict and violence (number of people)","VC.IDP.TOCV","","","","","","","","","","","","","","","","","","","","","","","","","","","","","","","","","","","","","","","","","","","","","","","","","","","","","","","","","","","","","","","",
"Andorra","AND","Internally displaced persons, total displaced by conflict and violence (number of people)","VC.IDP.TOCV","","","","","","","","","","","","","","","","","","","","","","","","","","","","","","","","","","","","","","","","","","","","","","","","","","","","","","","","","","","","","","","",
"Arab World","ARB","Internally displaced persons, total displaced by conflict and violence (number of people)","VC.IDP.TOCV","","","","","","","","","","","","","","","","","","","","","","","","","","","","","","","","","","","","","","","","","","","","","","","","","","","","","","","","","16262600","","","","","","",
"United Arab Emirates","ARE","Internally displaced persons, total displaced by conflict and violence (number of people)","VC.IDP.TOCV","","","","","","","","","","","","","","","","","","","","","","","","","","","","","","","","","","","","","","","","","","","","","","","","","","","","","","","","","","","","","","","",
"Argentina","ARG","Internally displaced persons, total displaced by conflict and violence (number of people)","VC.IDP.TOCV","","","","","","","","","","","","","","","","","","","","","","","","","","","","","","","","","","","","","","","","","","","","","","","","","","","","","","","","","","","","","","","",
"Armenia","ARM","Internally displaced persons, total displaced by conflict and violence (number of people)","VC.IDP.TOCV","","","","","","","","","","","","","","","","","","","","","","","","","","","","","","","","","","","","","","","","","","","","","","","","","","8400","8400","8400","8400","8400","8400","8400","8400","","","","800","800","8400",
"American Samoa","ASM","Internally displaced persons, total displaced by conflict and violence (number of people)","VC.IDP.TOCV","","","","","","","","","","","","","","","","","","","","","","","","","","","","","","","","","","","","","","","","","","","","","","","","","","","","","","","","","","","","","","","",
"Antigua and Barbuda","ATG","Internally displaced persons, total displaced by conflict and violence (number of people)","VC.IDP.TOCV","","","","","","","","","","","","","","","","","","","","","","","","","","","","","","","","","","","","","","","","","","","","","","","","","","","","","","","","","","","","","","","",
"Australia","AUS","Internally displaced persons, total displaced by conflict and violence (number of people)","VC.IDP.TOCV","","","","","","","","","","","","","","","","","","","","","","","","","","","","","","","","","","","","","","","","","","","","","","","","","","","","","","","","","","","","","","","",
"Austria","AUT","Internally displaced persons, total displaced by conflict and violence (number of people)","VC.IDP.TOCV","","","","","","","","","","","","","","","","","","","","","","","","","","","","","","","","","","","","","","","","","","","","","","","","","","","","","","","","","","","","","","","",
"Azerbaijan","AZE","Internally displaced persons, total displaced by conflict and violence (number of people)","VC.IDP.TOCV","","","","","","","","","","","","","","","","","","","","","","","","","","","","","","","","","","","","","","","","","","","","","","","","","","586000","593000","599000","600000","543000","569000","564000","582000","643000","644000","651000","735000","655000","659000",
"Burundi","BDI","Internally displaced persons, total displaced by conflict and violence (number of people)","VC.IDP.TOCV","","","","","","","","","","","","","","","","","","","","","","","","","","","","","","","","","","","","","","","","","","","","","","","","","","100000","100000","79000","79000","79000","78000","99000","59000","57000","32000","23000","22000","19000","8500",
"Belgium","BEL","Internally displaced persons, total displaced by conflict and violence (number of people)","VC.IDP.TOCV","","","","","","","","","","","","","","","","","","","","","","","","","","","","","","","","","","","","","","","","","","","","","","","","","","","","","","","","","","","","","","","",
"Benin","BEN","Internally displaced persons, total displaced by conflict and violence (number of people)","VC.IDP.TOCV","","","","","","","","","","","","","","","","","","","","","","","","","","","","","","","","","","","","","","","","","","","","","","","","","","","","","","","","","","","3500","3500","3500","2700","1200",
"Burkina Faso","BFA","Internally displaced persons, total displaced by conflict and violence (number of people)","VC.IDP.TOCV","","","","","","","","","","","","","","","","","","","","","","","","","","","","","","","","","","","","","","","","","","","","","","","","","","","","","","","","","700","4900","47000","560000","1075000","1580000","1882000",
"Bangladesh","BGD","Internally displaced persons, total displaced by conflict and violence (number of people)","VC.IDP.TOCV","","","","","","","","","","","","","","","","","","","","","","","","","","","","","","","","","","","","","","","","","","","","","","","","","","426000","426000","426000","426000","426000","426000","426000","426000","432000","426000","427000","427000","427000","427000",
"Bulgaria","BGR","Internally displaced persons, total displaced by conflict and violence (number of people)","VC.IDP.TOCV","","","","","","","","","","","","","","","","","","","","","","","","","","","","","","","","","","","","","","","","","","","","","","","","","","","","","","","","","","","","","","","",
"Bahrain","BHR","Internally displaced persons, total displaced by conflict and violence (number of people)","VC.IDP.TOCV","","","","","","","","","","","","","","","","","","","","","","","","","","","","","","","","","","","","","","","","","","","","","","","","","","","","","","","","","","","","","","","",
"Bahamas, The","BHS","Internally displaced persons, total displaced by conflict and violence (number of people)","VC.IDP.TOCV","","","","","","","","","","","","","","","","","","","","","","","","","","","","","","","","","","","","","","","","","","","","","","","","","","","","","","","","","","","","","","","",
"Bosnia and Herzegovina","BIH","Internally displaced persons, total displaced by conflict and violence (number of people)","VC.IDP.TOCV","","","","","","","","","","","","","","","","","","","","","","","","","","","","","","","","","","","","","","","","","","","","","","","","","","114000","113000","113000","103000","103000","100000","98000","98000","99000","99000","99000","99000","92000","91000",
"Belarus","BLR","Internally displaced persons, total displaced by conflict and violence (number of people)","VC.IDP.TOCV","","","","","","","","","","","","","","","","","","","","","","","","","","","","","","","","","","","","","","","","","","","","","","","","","","","","","","","","","","","","","","","",
"Belize","BLZ","Internally displaced persons, total displaced by conflict and violence (number of people)","VC.IDP.TOCV","","","","","","","","","","","","","","","","","","","","","","","","","","","","","","","","","","","","","","","","","","","","","","","","","","","","","","","","","","","","","","","",
"Bermuda","BMU","Internally displaced persons, total displaced by conflict and violence (number of people)","VC.IDP.TOCV","","","","","","","","","","","","","","","","","","","","","","","","","","","","","","","","","","","","","","","","","","","","","","","","","","","","","","","","","","","","","","","",
"Bolivia","BOL","Internally displaced persons, total displaced by conflict and violence (number of people)","VC.IDP.TOCV","","","","","","","","","","","","","","","","","","","","","","","","","","","","","","","","","","","","","","","","","","","","","","","","","","","","","","","","","","","","31","","","",
"Brazil","BRA","Internally displaced persons, total displaced by conflict and violence (number of people)","VC.IDP.TOCV","","","","","","","","","","","","","","","","","","","","","","","","","","","","","","","","","","","","","","","","","","","","","","","","","","","","","","","","","","","","","","21000","5600",
"Barbados","BRB","Internally displaced persons, total displaced by conflict and violence (number of people)","VC.IDP.TOCV","","","","","","","","","","","","","","","","","","","","","","","","","","","","","","","","","","","","","","","","","","","","","","","","","","","","","","","","","","","","","","","",
"Brunei Darussalam","BRN","Internally displaced persons, total displaced by conflict and violence (number of people)","VC.IDP.TOCV","","","","","","","","","","","","","","","","","","","","","","","","","","","","","","","","","","","","","","","","","","","","","","","","","","","","","","","","","","","","","","","",
"Bhutan","BTN","Internally displaced persons, total displaced by conflict and violence (number of people)","VC.IDP.TOCV","","","","","","","","","","","","","","","","","","","","","","","","","","","","","","","","","","","","","","","","","","","","","","","","","","","","","","","","","","","","","","","",
"Botswana","BWA","Internally displaced persons, total displaced by conflict and violence (number of people)","VC.IDP.TOCV","","","","","","","","","","","","","","","","","","","","","","","","","","","","","","","","","","","","","","","","","","","","","","","","","","","","","","","","","","","","","","","",
"Central African Republic","CAF","Internally displaced persons, total displaced by conflict and violence (number of people)","VC.IDP.TOCV","","","","","","","","","","","","","","","","","","","","","","","","","","","","","","","","","","","","","","","","","","","","","","","","","","162000","192000","105000","132000","935000","438000","452000","412000","689000","641000","592000","682000","692000","516000",
"Canada","CAN","Internally displaced persons, total displaced by conflict and violence (number of people)","VC.IDP.TOCV","","","","","","","","","","","","","","","","","","","","","","","","","","","","","","","","","","","","","","","","","","","","","","","","","","","","","","","","","","","","","","","",
"Central Europe and the Baltics","CEB","Internally displaced persons, total displaced by conflict and violence (number of people)","VC.IDP.TOCV","","","","","","","","","","","","","","","","","","","","","","","","","","","","","","","","","","","","","","","","","","","","","","","","","","","","","","","","","","","","","","","",
"Switzerland","CHE","Internally displaced persons, total displaced by conflict and violence (number of people)","VC.IDP.TOCV","","","","","","","","","","","","","","","","","","","","","","","","","","","","","","","","","","","","","","","","","","","","","","","","","","","","","","","","","","","","","","","",
"Channel Islands","CHI","Internally displaced persons, total displaced by conflict and violence (number of people)","VC.IDP.TOCV","","","","","","","","","","","","","","","","","","","","","","","","","","","","","","","","","","","","","","","","","","","","","","","","","","","","","","","","","","","","","","","",
"Chile","CHL","Internally displaced persons, total displaced by conflict and violence (number of people)","VC.IDP.TOCV","","","","","","","","","","","","","","","","","","","","","","","","","","","","","","","","","","","","","","","","","","","","","","","","","","","","","","","","","","","","","","","",
"China","CHN","Internally displaced persons, total displaced by conflict and violence (number of people)","VC.IDP.TOCV","","","","","","","","","","","","","","","","","","","","","","","","","","","","","","","","","","","","","","","","","","","","","","","","","","","","","","","","","","","","","","","",
"Cote d'Ivoire","CIV","Internally displaced persons, total displaced by conflict and violence (number of people)","VC.IDP.TOCV","","","","","","","","","","","","","","","","","","","","","","","","","","","","","","","","","","","","","","","","","","","","","","","","","","342000","522000","247000","80000","80000","301000","303000","301000","302000","302000","302000","308000","302000","302000",
"Cameroon","CMR","Internally displaced persons, total displaced by conflict and violence (number of people)","VC.IDP.TOCV","","","","","","","","","","","","","","","","","","","","","","","","","","","","","","","","","","","","","","","","","","","","","","","","","","","","","","","40000","124000","177000","239000","668000","969000","1003000","909000","987000",
"Congo, Dem. Rep.","COD","Internally displaced persons, total displaced by conflict and violence (number of people)","VC.IDP.TOCV","","","","","","","","","","","","","","","","","","","","","","","","","","","","","","","","","","","","","","","","","","","","","","","","","","1900000","1700000","1710000","2700000","2964000","2757000","1500000","2230000","4480000","3081000","5512000","5268000","5339000","5686000",
"Congo, Rep.","COG","Internally displaced persons, total displaced by conflict and violence (number of people)","VC.IDP.TOCV","","","","","","","","","","","","","","","","","","","","","","","","","","","","","","","","","","","","","","","","","","","","","","","","","","7800","7800","7800","7800","7800","7800","7800","25000","108000","107000","134000","134000","134000","27000",
"Colombia","COL","Internally displaced persons, total displaced by conflict and violence (number of people)","VC.IDP.TOCV","","","","","","","","","","","","","","","","","","","","","","","","","","","","","","","","","","","","","","","","","","","","","","","","","","4916000","5196000","5281000","5455000","5700000","6044000","6270000","7246000","6509000","5761000","5576000","4922000","5235000","4766000",
"Comoros","COM","Internally displaced persons, total displaced by conflict and violence (number of people)","VC.IDP.TOCV","","","","","","","","","","","","","","","","","","","","","","","","","","","","","","","","","","","","","","","","","","","","","","","","","","","","","","","","","","","","","","","",
"Cabo Verde","CPV","Internally displaced persons, total displaced by conflict and violence (number of people)","VC.IDP.TOCV","","","","","","","","","","","","","","","","","","","","","","","","","","","","","","","","","","","","","","","","","","","","","","","","","","","","","","","","","","","","","","","",
"Costa Rica","CRI","Internally displaced persons, total displaced by conflict and violence (number of people)","VC.IDP.TOCV","","","","","","","","","","","","","","","","","","","","","","","","","","","","","","","","","","","","","","","","","","","","","","","","","","","","","","","","","","","","","","","",
"Caribbean small states","CSS","Internally displaced persons, total displaced by conflict and violence (number of people)","VC.IDP.TOCV","","","","","","","","","","","","","","","","","","","","","","","","","","","","","","","","","","","","","","","","","","","","","","","","","","","","","","","","","","","","","","","",
"Cuba","CUB","Internally displaced persons, total displaced by conflict and violence (number of people)","VC.IDP.TOCV","","","","","","","","","","","","","","","","","","","","","","","","","","","","","","","","","","","","","","","","","","","","","","","","","","","","","","","","","","","","","","","",
"Curacao","CUW","Internally displaced persons, total displaced by conflict and violence (number of people)","VC.IDP.TOCV","","","","","","","","","","","","","","","","","","","","","","","","","","","","","","","","","","","","","","","","","","","","","","","","","","","","","","","","","","","","","","","",
"Cayman Islands","CYM","Internally displaced persons, total displaced by conflict and violence (number of people)","VC.IDP.TOCV","","","","","","","","","","","","","","","","","","","","","","","","","","","","","","","","","","","","","","","","","","","","","","","","","","","","","","","","","","","","","","","",
"Cyprus","CYP","Internally displaced persons, total displaced by conflict and violence (number of people)","VC.IDP.TOCV","","","","","","","","","","","","","","","","","","","","","","","","","","","","","","","","","","","","","","","","","","","","","","","","","","201000","208000","208000","210000","212000","212000","272000","272000","217000","228000","228000","228000","242000","246000",
"Czechia","CZE","Internally displaced persons, total displaced by conflict and violence (number of people)","VC.IDP.TOCV","","","","","","","","","","","","","","","","","","","","","","","","","","","","","","","","","","","","","","","","","","","","","","","","","","","","","","","","","","","","","","","",
"Germany","DEU","Internally displaced persons, total displaced by conflict and violence (number of people)","VC.IDP.TOCV","","","","","","","","","","","","","","","","","","","","","","","","","","","","","","","","","","","","","","","","","","","","","","","","","","","","","","","","","","","","","","","",
"Djibouti","DJI","Internally displaced persons, total displaced by conflict and violence (number of people)","VC.IDP.TOCV","","","","","","","","","","","","","","","","","","","","","","","","","","","","","","","","","","","","","","","","","","","","","","","","","","","","","","","","","","","","","","","",
"Dominica","DMA","Internally displaced persons, total displaced by conflict and violence (number of people)","VC.IDP.TOCV","","","","","","","","","","","","","","","","","","","","","","","","","","","","","","","","","","","","","","","","","","","","","","","","","","","","","","","","","","","","","","","",
"Denmark","DNK","Internally displaced persons, total displaced by conflict and violence (number of people)","VC.IDP.TOCV","","","","","","","","","","","","","","","","","","","","","","","","","","","","","","","","","","","","","","","","","","","","","","","","","","","","","","","","","","","","","","","",
"Dominican Republic","DOM","Internally displaced persons, total displaced by conflict and violence (number of people)","VC.IDP.TOCV","","","","","","","","","","","","","","","","","","","","","","","","","","","","","","","","","","","","","","","","","","","","","","","","","","","","","","","","","","","","","","","",
"Algeria","DZA","Internally displaced persons, total displaced by conflict and violence (number of people)","VC.IDP.TOCV","","","","","","","","","","","","","","","","","","","","","","","","","","","","","","","","","","","","","","","","","","","","","","","","","","","","","","","","","2500","","","","","","",
"East Asia & Pacific (excluding high income)","EAP","Internally displaced persons, total displaced by conflict and violence (number of people)","VC.IDP.TOCV","","","","","","","","","","","","","","","","","","","","","","","","","","","","","","","","","","","","","","","","","","","","","","","","","","","","","","","","","","","","","","","",
"Early-demographic dividend","EAR","Internally displaced persons, total displaced by conflict and violence (number of people)","VC.IDP.TOCV","","","","","","","","","","","","","","","","","","","","","","","","","","","","","","","","","","","","","","","","","","","","","","","","","","5164400","5166400","5749400","8102400","11437400","14725000","15280500","13477100","14866002","14693200","15804331","16406177","18648077","20500077",
"East Asia & Pacific","EAS","Internally displaced persons, total displaced by conflict and violence (number of people)","VC.IDP.TOCV","","","","","","","","","","","","","","","","","","","","","","","","","","","","","","","","","","","","","","","","","","","","","","","","","","","","","","","","","","","","","","","",
"Europe & Central Asia (excluding high income)","ECA","Internally displaced persons, total displaced by conflict and violence (number of people)","VC.IDP.TOCV","","","","","","","","","","","","","","","","","","","","","","","","","","","","","","","","","","","","","","","","","","","","","","","","","","2281440","2375440","","2435420","1972130","2657020","3586600","3729550","2938140","2951440","2898710","2989810","3022380","8302130",
"Europe & Central Asia","ECS","Internally displaced persons, total displaced by conflict and violence (number of people)","VC.IDP.TOCV","","","","","","","","","","","","","","","","","","","","","","","","","","","","","","","","","","","","","","","","","","","","","","","","","","","","","","","","","","","","","","","",
"Ecuador","ECU","Internally displaced persons, total displaced by conflict and violence (number of people)","VC.IDP.TOCV","","","","","","","","","","","","","","","","","","","","","","","","","","","","","","","","","","","","","","","","","","","","","","","","","","","","","","","","","","","","","","","",
"Egypt, Arab Rep.","EGY","Internally displaced persons, total displaced by conflict and violence (number of people)","VC.IDP.TOCV","","","","","","","","","","","","","","","","","","","","","","","","","","","","","","","","","","","","","","","","","","","","","","","","","","","","","","","4100","9100","9100","36000","3200","3200","3200","","",
"Euro area","EMU","Internally displaced persons, total displaced by conflict and violence (number of people)","VC.IDP.TOCV","","","","","","","","","","","","","","","","","","","","","","","","","","","","","","","","","","","","","","","","","","","","","","","","","","","","","","","","","","","","","","","",
"Eritrea","ERI","Internally displaced persons, total displaced by conflict and violence (number of people)","VC.IDP.TOCV","","","","","","","","","","","","","","","","","","","","","","","","","","","","","","","","","","","","","","","","","","","","","","","","","","10000","10000","10000","10000","10000","10000","","","","","","","","",
"Spain","ESP","Internally displaced persons, total displaced by conflict and violence (number of people)","VC.IDP.TOCV","","","","","","","","","","","","","","","","","","","","","","","","","","","","","","","","","","","","","","","","","","","","","","","","","","","","","","","","","","","","","","","",
"Estonia","EST","Internally displaced persons, total displaced by conflict and violence (number of people)","VC.IDP.TOCV","","","","","","","","","","","","","","","","","","","","","","","","","","","","","","","","","","","","","","","","","","","","","","","","","","","","","","","","","","","","","","","",
"Ethiopia","ETH","Internally displaced persons, total displaced by conflict and violence (number of people)","VC.IDP.TOCV","","","","","","","","","","","","","","","","","","","","","","","","","","","","","","","","","","","","","","","","","","","","","","","","","","350000","300000","350000","350000","316000","397000","450000","258000","1078000","2137000","1324000","2060000","3589000","3852000",
"European Union","EUU","Internally displaced persons, total displaced by conflict and violence (number of people)","VC.IDP.TOCV","","","","","","","","","","","","","","","","","","","","","","","","","","","","","","","","","","","","","","","","","","","","","","","","","","","","","","","","","","","","","","","",
"Fragile and conflict affected situations","FCS","Internally displaced persons, total displaced by conflict and violence (number of people)","VC.IDP.TOCV","","","","","","","","","","","","","","","","","","","","","","","","","","","","","","","","","","","","","","","","","","","","","","","","","","","","","","22262700","24678200","27793100","27033100","28105900","30593000","35041100","37921900","42869050","52367500",
"Finland","FIN","Internally displaced persons, total displaced by conflict and violence (number of people)","VC.IDP.TOCV","","","","","","","","","","","","","","","","","","","","","","","","","","","","","","","","","","","","","","","","","","","","","","","","","","","","","","","","","","","","","","","",
"Fiji","FJI","Internally displaced persons, total displaced by conflict and violence (number of people)","VC.IDP.TOCV","","","","","","","","","","","","","","","","","","","","","","","","","","","","","","","","","","","","","","","","","","","","","","","","","","","","","","","","","","","","","","","",
"France","FRA","Internally displaced persons, total displaced by conflict and violence (number of people)","VC.IDP.TOCV","","","","","","","","","","","","","","","","","","","","","","","","","","","","","","","","","","","","","","","","","","","","","","","","","","","","","","","","","","","","","","","",
"Faroe Islands","FRO","Internally displaced persons, total displaced by conflict and violence (number of people)","VC.IDP.TOCV","","","","","","","","","","","","","","","","","","","","","","","","","","","","","","","","","","","","","","","","","","","","","","","","","","","","","","","","","","","","","","","",
"Micronesia, Fed. Sts.","FSM","Internally displaced persons, total displaced by conflict and violence (number of people)","VC.IDP.TOCV","","","","","","","","","","","","","","","","","","","","","","","","","","","","","","","","","","","","","","","","","","","","","","","","","","","","","","","","","","","","","","","",
"Gabon","GAB","Internally displaced persons, total displaced by conflict and violence (number of people)","VC.IDP.TOCV","","","","","","","","","","","","","","","","","","","","","","","","","","","","","","","","","","","","","","","","","","","","","","","","","","","","","","","","","","","","","","","",
"United Kingdom","GBR","Internally displaced persons, total displaced by conflict and violence (number of people)","VC.IDP.TOCV","","","","","","","","","","","","","","","","","","","","","","","","","","","","","","","","","","","","","","","","","","","","","","","","","","","","","","","","","","","","","","","",
"Georgia","GEO","Internally displaced persons, total displaced by conflict and violence (number of people)","VC.IDP.TOCV","","","","","","","","","","","","","","","","","","","","","","","","","","","","","","","","","","","","","","","","","","","","","","","","","","240000","257000","270000","280000","207000","233000","239000","244000","248000","293000","301000","304000","305000","308000",
"Ghana","GHA","Internally displaced persons, total displaced by conflict and violence (number of people)","VC.IDP.TOCV","","","","","","","","","","","","","","","","","","","","","","","","","","","","","","","","","","","","","","","","","","","","","","","","","","","","","","","","","","","5000","","","","",
"Gibraltar","GIB","Internally displaced persons, total displaced by conflict and violence (number of people)","VC.IDP.TOCV","","","","","","","","","","","","","","","","","","","","","","","","","","","","","","","","","","","","","","","","","","","","","","","","","","","","","","","","","","","","","","","",
"Guinea","GIN","Internally displaced persons, total displaced by conflict and violence (number of people)","VC.IDP.TOCV","","","","","","","","","","","","","","","","","","","","","","","","","","","","","","","","","","","","","","","","","","","","","","","","","","","","","","","","","","","","","","","",
"Gambia, The","GMB","Internally displaced persons, total displaced by conflict and violence (number of people)","VC.IDP.TOCV","","","","","","","","","","","","","","","","","","","","","","","","","","","","","","","","","","","","","","","","","","","","","","","","","","","","","","","","","","","","","","","5600",
"Guinea-Bissau","GNB","Internally displaced persons, total displaced by conflict and violence (number of people)","VC.IDP.TOCV","","","","","","","","","","","","","","","","","","","","","","","","","","","","","","","","","","","","","","","","","","","","","","","","","","","","","","","","","","","","","","","",
"Equatorial Guinea","GNQ","Internally displaced persons, total displaced by conflict and violence (number of people)","VC.IDP.TOCV","","","","","","","","","","","","","","","","","","","","","","","","","","","","","","","","","","","","","","","","","","","","","","","","","","","","","","","","","","","","","","","",
"Greece","GRC","Internally displaced persons, total displaced by conflict and violence (number of people)","VC.IDP.TOCV","","","","","","","","","","","","","","","","","","","","","","","","","","","","","","","","","","","","","","","","","","","","","","","","","","","","","","","","","","","","","","","",
"Grenada","GRD","Internally displaced persons, total displaced by conflict and violence (number of people)","VC.IDP.TOCV","","","","","","","","","","","","","","","","","","","","","","","","","","","","","","","","","","","","","","","","","","","","","","","","","","","","","","","","","","","","","","","",
"Greenland","GRL","Internally displaced persons, total displaced by conflict and violence (number of people)","VC.IDP.TOCV","","","","","","","","","","","","","","","","","","","","","","","","","","","","","","","","","","","","","","","","","","","","","","","","","","","","","","","","","","","","","","","",
"Guatemala","GTM","Internally displaced persons, total displaced by conflict and violence (number of people)","VC.IDP.TOCV","","","","","","","","","","","","","","","","","","","","","","","","","","","","","","","","","","","","","","","","","","","","","","","","","","","","","","242000","249000","251000","257000","242000","242000","242000","242000","242000","242000",
"Guam","GUM","Internally displaced persons, total displaced by conflict and violence (number of people)","VC.IDP.TOCV","","","","","","","","","","","","","","","","","","","","","","","","","","","","","","","","","","","","","","","","","","","","","","","","","","","","","","","","","","","","","","","",
"Guyana","GUY","Internally displaced persons, total displaced by conflict and violence (number of people)","VC.IDP.TOCV","","","","","","","","","","","","","","","","","","","","","","","","","","","","","","","","","","","","","","","","","","","","","","","","","","","","","","","","","","","","","","","",
"High income","HIC","Internally displaced persons, total displaced by conflict and violence (number of people)","VC.IDP.TOCV","","","","","","","","","","","","","","","","","","","","","","","","","","","","","","","","","","","","","","","","","","","","","","","","","","","","","","","","","","","","","","","",
"Hong Kong SAR, China","HKG","Internally displaced persons, total displaced by conflict and violence (number of people)","VC.IDP.TOCV","","","","","","","","","","","","","","","","","","","","","","","","","","","","","","","","","","","","","","","","","","","","","","","","","","","","","","","","","","","","","","","",
"Honduras","HND","Internally displaced persons, total displaced by conflict and violence (number of people)","VC.IDP.TOCV","","","","","","","","","","","","","","","","","","","","","","","","","","","","","","","","","","","","","","","","","","","","","","","","","","","","","","","29000","174000","190000","190000","190000","247000","247000","247000","247000",
"Heavily indebted poor countries (HIPC)","HPC","Internally displaced persons, total displaced by conflict and violence (number of people)","VC.IDP.TOCV","","","","","","","","","","","","","","","","","","","","","","","","","","","","","","","","","","","","","","","","","","","","","","","","","","","","","","","","","9634200","11726900","14966500","18165031","21218877","24988177","27599677",
"Croatia","HRV","Internally displaced persons, total displaced by conflict and violence (number of people)","VC.IDP.TOCV","","","","","","","","","","","","","","","","","","","","","","","","","","","","","","","","","","","","","","","","","","","","","","","","","","2400","2300","2100","","","","","","","","","","","",
"Haiti","HTI","Internally displaced persons, total displaced by conflict and violence (number of people)","VC.IDP.TOCV","","","","","","","","","","","","","","","","","","","","","","","","","","","","","","","","","","","","","","","","","","","","","","","","","","","","","","","","","","","","2100","7900","17000","171000",
"Hungary","HUN","Internally displaced persons, total displaced by conflict and violence (number of people)","VC.IDP.TOCV","","","","","","","","","","","","","","","","","","","","","","","","","","","","","","","","","","","","","","","","","","","","","","","","","","","","","","","","","","","","","","","",
"IBRD only","IBD","Internally displaced persons, total displaced by conflict and violence (number of people)","VC.IDP.TOCV","","","","","","","","","","","","","","","","","","","","","","","","","","","","","","","","","","","","","","","","","","","","","","","","","","","","","","","","","","","","","","","",
"IDA & IBRD total","IBT","Internally displaced persons, total displaced by conflict and violence (number of people)","VC.IDP.TOCV","","","","","","","","","","","","","","","","","","","","","","","","","","","","","","","","","","","","","","","","","","","","","","","","","","","","","","","","","","","","","","","",
"IDA total","IDA","Internally displaced persons, total displaced by conflict and violence (number of people)","VC.IDP.TOCV","","","","","","","","","","","","","","","","","","","","","","","","","","","","","","","","","","","","","","","","","","","","","","","","","","","","","14615100","21833100","23256600","24913100","23527600","25670902","28694500","33439770","36871647","41959177","46208677",
"IDA blend","IDB","Internally displaced persons, total displaced by conflict and violence (number of people)","VC.IDP.TOCV","","","","","","","","","","","","","","","","","","","","","","","","","","","","","","","","","","","","","","","","","","","","","","","","","","","","","","4471100","3343600","4002100","2767400","2469000","3311000","3968000","4175000","4589000","4802000",
"Indonesia","IDN","Internally displaced persons, total displaced by conflict and violence (number of people)","VC.IDP.TOCV","","","","","","","","","","","","","","","","","","","","","","","","","","","","","","","","","","","","","","","","","","","","","","","","","","70000","200000","180000","170000","90000","84000","6100","7100","13000","13000","40000","42000","73000","72000",
"IDA only","IDX","Internally displaced persons, total displaced by conflict and violence (number of people)","VC.IDP.TOCV","","","","","","","","","","","","","","","","","","","","","","","","","","","","","","","","","","","","","","","","","","","","","","","","","","12216000","11882000","9384000","13545000","17362000","19913000","20911000","20760200","23201902","25383500","29471770","32696647","37370177","41406677",
"Isle of Man","IMN","Internally displaced persons, total displaced by conflict and violence (number of people)","VC.IDP.TOCV","","","","","","","","","","","","","","","","","","","","","","","","","","","","","","","","","","","","","","","","","","","","","","","","","","","","","","","","","","","","","","","",
"India","IND","Internally displaced persons, total displaced by conflict and violence (number of people)","VC.IDP.TOCV","","","","","","","","","","","","","","","","","","","","","","","","","","","","","","","","","","","","","","","","","","","","","","","","","","500000","650000","650000","1000000","526000","854000","612000","796000","806000","479000","470000","473000","506000","631000",
"Not classified","INX","Internally displaced persons, total displaced by conflict and violence (number of people)","VC.IDP.TOCV","","","","","","","","","","","","","","","","","","","","","","","","","","","","","","","","","","","","","","","","","","","","","","","","","","","","","","","","","","","","","","","",
"Ireland","IRL","Internally displaced persons, total displaced by conflict and violence (number of people)","VC.IDP.TOCV","","","","","","","","","","","","","","","","","","","","","","","","","","","","","","","","","","","","","","","","","","","","","","","","","","","","","","","","","","","","","","","",
"Iran, Islamic Rep.","IRN","Internally displaced persons, total displaced by conflict and violence (number of people)","VC.IDP.TOCV","","","","","","","","","","","","","","","","","","","","","","","","","","","","","","","","","","","","","","","","","","","","","","","","","","","","","","","","","","","","","","","",
"Iraq","IRQ","Internally displaced persons, total displaced by conflict and violence (number of people)","VC.IDP.TOCV","","","","","","","","","","","","","","","","","","","","","","","","","","","","","","","","","","","","","","","","","","","","","","","","","","2764000","2800000","2600000","2100000","2100000","3276000","3290000","3035000","2616000","1962000","1533000","1224000","1187000","1169000",
"Iceland","ISL","Internally displaced persons, total displaced by conflict and violence (number of people)","VC.IDP.TOCV","","","","","","","","","","","","","","","","","","","","","","","","","","","","","","","","","","","","","","","","","","","","","","","","","","","","","","","","","","","","","","","",
"Israel","ISR","Internally displaced persons, total displaced by conflict and violence (number of people)","VC.IDP.TOCV","","","","","","","","","","","","","","","","","","","","","","","","","","","","","","","","","","","","","","","","","","","","","","","","","","","","","","","","","","","","","","","",
"Italy","ITA","Internally displaced persons, total displaced by conflict and violence (number of people)","VC.IDP.TOCV","","","","","","","","","","","","","","","","","","","","","","","","","","","","","","","","","","","","","","","","","","","","","","","","","","","","","","","","","","","","","","","",
"Jamaica","JAM","Internally displaced persons, total displaced by conflict and violence (number of people)","VC.IDP.TOCV","","","","","","","","","","","","","","","","","","","","","","","","","","","","","","","","","","","","","","","","","","","","","","","","","","","","","","","","","","","","","","","",
"Jordan","JOR","Internally displaced persons, total displaced by conflict and violence (number of people)","VC.IDP.TOCV","","","","","","","","","","","","","","","","","","","","","","","","","","","","","","","","","","","","","","","","","","","","","","","","","","","","","","","","","","","","","","","",
"Japan","JPN","Internally displaced persons, total displaced by conflict and violence (number of people)","VC.IDP.TOCV","","","","","","","","","","","","","","","","","","","","","","","","","","","","","","","","","","","","","","","","","","","","","","","","","","","","","","","","","","","","","","","",
"Kazakhstan","KAZ","Internally displaced persons, total displaced by conflict and violence (number of people)","VC.IDP.TOCV","","","","","","","","","","","","","","","","","","","","","","","","","","","","","","","","","","","","","","","","","","","","","","","","","","","","","","","","","","","","","","","120",
"Kenya","KEN","Internally displaced persons, total displaced by conflict and violence (number of people)","VC.IDP.TOCV","","","","","","","","","","","","","","","","","","","","","","","","","","","","","","","","","","","","","","","","","","","","","","","","","","250000","250000","250000","300000","412000","309000","309000","138000","159000","162000","162000","190000","190000","30000",
"Kyrgyz Republic","KGZ","Internally displaced persons, total displaced by conflict and violence (number of people)","VC.IDP.TOCV","","","","","","","","","","","","","","","","","","","","","","","","","","","","","","","","","","","","","","","","","","","","","","","","","","","75000","67000","164000","","","","","","","770","770","","4000",
"Cambodia","KHM","Internally displaced persons, total displaced by conflict and violence (number of people)","VC.IDP.TOCV","","","","","","","","","","","","","","","","","","","","","","","","","","","","","","","","","","","","","","","","","","","","","","","","","","","","","","","","","","","","","","","",
"Kiribati","KIR","Internally displaced persons, total displaced by conflict and violence (number of people)","VC.IDP.TOCV","","","","","","","","","","","","","","","","","","","","","","","","","","","","","","","","","","","","","","","","","","","","","","","","","","","","","","","","","","","","","","","",
"St. Kitts and Nevis","KNA","Internally displaced persons, total displaced by conflict and violence (number of people)","VC.IDP.TOCV","","","","","","","","","","","","","","","","","","","","","","","","","","","","","","","","","","","","","","","","","","","","","","","","","","","","","","","","","","","","","","","",
"Korea, Rep.","KOR","Internally displaced persons, total displaced by conflict and violence (number of people)","VC.IDP.TOCV","","","","","","","","","","","","","","","","","","","","","","","","","","","","","","","","","","","","","","","","","","","","","","","","","","","","","","","","","","","","","","","",
"Kuwait","KWT","Internally displaced persons, total displaced by conflict and violence (number of people)","VC.IDP.TOCV","","","","","","","","","","","","","","","","","","","","","","","","","","","","","","","","","","","","","","","","","","","","","","","","","","","","","","","","","","","","","","","",
"Latin America & Caribbean (excluding high income)","LAC","Internally displaced persons, total displaced by conflict and violence (number of people)","VC.IDP.TOCV","","","","","","","","","","","","","","","","","","","","","","","","","","","","","","","","","","","","","","","","","","","","","","","","","","","","","","","","","","","","","","6201077","5942677",
"Lao PDR","LAO","Internally displaced persons, total displaced by conflict and violence (number of people)","VC.IDP.TOCV","","","","","","","","","","","","","","","","","","","","","","","","","","","","","","","","","","","","","","","","","","","","","","","","","","","","","","","","","","","","","","","",
"Lebanon","LBN","Internally displaced persons, total displaced by conflict and violence (number of people)","VC.IDP.TOCV","","","","","","","","","","","","","","","","","","","","","","","","","","","","","","","","","","","","","","","","","","","","","","","","","","90000","75000","47000","45000","20000","20000","12000","12000","11000","11000","7000","7000","50","",
"Liberia","LBR","Internally displaced persons, total displaced by conflict and violence (number of people)","VC.IDP.TOCV","","","","","","","","","","","","","","","","","","","","","","","","","","","","","","","","","","","","","","","","","","","","","","","","","","23000","23000","23000","23000","23000","23000","","","","","","","","",
"Libya","LBY","Internally displaced persons, total displaced by conflict and violence (number of people)","VC.IDP.TOCV","","","","","","","","","","","","","","","","","","","","","","","","","","","","","","","","","","","","","","","","","","","","","","","","","","","","154000","50000","59000","400000","500000","304000","197000","187000","411000","278000","160000","135000",
"St. Lucia","LCA","Internally displaced persons, total displaced by conflict and violence (number of people)","VC.IDP.TOCV","","","","","","","","","","","","","","","","","","","","","","","","","","","","","","","","","","","","","","","","","","","","","","","","","","","","","","","","","","","","","","","",
"Latin America & Caribbean","LCN","Internally displaced persons, total displaced by conflict and violence (number of people)","VC.IDP.TOCV","","","","","","","","","","","","","","","","","","","","","","","","","","","","","","","","","","","","","","","","","","","","","","","","","","","","","","","","","","","","","","6201077","5942677",
"Least developed countries: UN classification","LDC","Internally displaced persons, total displaced by conflict and violence (number of people)","VC.IDP.TOCV","","","","","","","","","","","","","","","","","","","","","","","","","","","","","","","","","","","","","","","","","","","","","","","","","","11021400","10507400","8327900","10190900","10675900","11876900","13773000","13882200","15867902","18714500","22384000","25529800","30131100","33960600",
"Low income","LIC","Internally displaced persons, total displaced by conflict and violence (number of people)","VC.IDP.TOCV","","","","","","","","","","","","","","","","","","","","","","","","","","","","","","","","","","","","","","","","","","","","","","","","","","10474000","9994000","7977000","12242000","16034000","18331000","19229000","19064200","21562900","23985000","27981000","31146000","35688000","38719000",
"Liechtenstein","LIE","Internally displaced persons, total displaced by conflict and violence (number of people)","VC.IDP.TOCV","","","","","","","","","","","","","","","","","","","","","","","","","","","","","","","","","","","","","","","","","","","","","","","","","","","","","","","","","","","","","","","",
"Sri Lanka","LKA","Internally displaced persons, total displaced by conflict and violence (number of people)","VC.IDP.TOCV","","","","","","","","","","","","","","","","","","","","","","","","","","","","","","","","","","","","","","","","","","","","","","","","","","400000","327000","125000","93000","90000","90000","44000","44000","42000","37000","27000","27000","12000","12000",
"Lower middle income","LMC","Internally displaced persons, total displaced by conflict and violence (number of people)","VC.IDP.TOCV","","","","","","","","","","","","","","","","","","","","","","","","","","","","","","","","","","","","","","","","","","","","","","","","","","3928600","3851600","3294100","3400100","6444100","6510700","8041200","7006000","6190002","6287700","6835001","7079847","7723227","14120677",
"Low & middle income","LMY","Internally displaced persons, total displaced by conflict and violence (number of people)","VC.IDP.TOCV","","","","","","","","","","","","","","","","","","","","","","","","","","","","","","","","","","","","","","","","","","","","","","","","","","","","","","","","","","","","","","","",
"Lesotho","LSO","Internally displaced persons, total displaced by conflict and violence (number of people)","VC.IDP.TOCV","","","","","","","","","","","","","","","","","","","","","","","","","","","","","","","","","","","","","","","","","","","","","","","","","","","","","","","","","","","","","","","",
"Late-demographic dividend","LTE","Internally displaced persons, total displaced by conflict and violence (number of people)","VC.IDP.TOCV","","","","","","","","","","","","","","","","","","","","","","","","","","","","","","","","","","","","","","","","","","","","","","","","","","","","","","","","","","","","","","","",
"Lithuania","LTU","Internally displaced persons, total displaced by conflict and violence (number of people)","VC.IDP.TOCV","","","","","","","","","","","","","","","","","","","","","","","","","","","","","","","","","","","","","","","","","","","","","","","","","","","","","","","","","","","","","","","",
"Luxembourg","LUX","Internally displaced persons, total displaced by conflict and violence (number of people)","VC.IDP.TOCV","","","","","","","","","","","","","","","","","","","","","","","","","","","","","","","","","","","","","","","","","","","","","","","","","","","","","","","","","","","","","","","",
"Latvia","LVA","Internally displaced persons, total displaced by conflict and violence (number of people)","VC.IDP.TOCV","","","","","","","","","","","","","","","","","","","","","","","","","","","","","","","","","","","","","","","","","","","","","","","","","","","","","","","","","","","","","","","",
"Macao SAR, China","MAC","Internally displaced persons, total displaced by conflict and violence (number of people)","VC.IDP.TOCV","","","","","","","","","","","","","","","","","","","","","","","","","","","","","","","","","","","","","","","","","","","","","","","","","","","","","","","","","","","","","","","",
"St. Martin (French part)","MAF","Internally displaced persons, total displaced by conflict and violence (number of people)","VC.IDP.TOCV","","","","","","","","","","","","","","","","","","","","","","","","","","","","","","","","","","","","","","","","","","","","","","","","","","","","","","","","","","","","","","","",
"Morocco","MAR","Internally displaced persons, total displaced by conflict and violence (number of people)","VC.IDP.TOCV","","","","","","","","","","","","","","","","","","","","","","","","","","","","","","","","","","","","","","","","","","","","","","","","","","","","","","","","","","","","","","","",
"Monaco","MCO","Internally displaced persons, total displaced by conflict and violence (number of people)","VC.IDP.TOCV","","","","","","","","","","","","","","","","","","","","","","","","","","","","","","","","","","","","","","","","","","","","","","","","","","","","","","","","","","","","","","","",
"Moldova","MDA","Internally displaced persons, total displaced by conflict and violence (number of people)","VC.IDP.TOCV","","","","","","","","","","","","","","","","","","","","","","","","","","","","","","","","","","","","","","","","","","","","","","","","","","","","","","","","","","","","","","","",
"Madagascar","MDG","Internally displaced persons, total displaced by conflict and violence (number of people)","VC.IDP.TOCV","","","","","","","","","","","","","","","","","","","","","","","","","","","","","","","","","","","","","","","","","","","","","","","","","","","","","","","","","","","2000","1500","1500","2800","2800",
"Maldives","MDV","Internally displaced persons, total displaced by conflict and violence (number of people)","VC.IDP.TOCV","","","","","","","","","","","","","","","","","","","","","","","","","","","","","","","","","","","","","","","","","","","","","","","","","","","","","","","","","","","","","","","",
"Middle East & North Africa","MEA","Internally displaced persons, total displaced by conflict and violence (number of people)","VC.IDP.TOCV","","","","","","","","","","","","","","","","","","","","","","","","","","","","","","","","","","","","","","","","","","","","","","","","","","","","","","","","","","","","","","","",
"Mexico","MEX","Internally displaced persons, total displaced by conflict and violence (number of people)","VC.IDP.TOCV","","","","","","","","","","","","","","","","","","","","","","","","","","","","","","","","","","","","","","","","","","","","","","","","","","8000","123000","162000","162000","160000","281000","287000","311000","330000","341000","347000","357000","379000","386000",
"Marshall Islands","MHL","Internally displaced persons, total displaced by conflict and violence (number of people)","VC.IDP.TOCV","","","","","","","","","","","","","","","","","","","","","","","","","","","","","","","","","","","","","","","","","","","","","","","","","","","","","","","","","","","","","","","",
"Middle income","MIC","Internally displaced persons, total displaced by conflict and violence (number of people)","VC.IDP.TOCV","","","","","","","","","","","","","","","","","","","","","","","","","","","","","","","","","","","","","","","","","","","","","","","","","","","","","","","","","","","","","","","",
"North Macedonia","MKD","Internally displaced persons, total displaced by conflict and violence (number of people)","VC.IDP.TOCV","","","","","","","","","","","","","","","","","","","","","","","","","","","","","","","","","","","","","","","","","","","","","","","","","","640","640","640","620","330","220","200","150","140","140","140","140","110","110",
"Mali","MLI","Internally displaced persons, total displaced by conflict and violence (number of people)","VC.IDP.TOCV","","","","","","","","","","","","","","","","","","","","","","","","","","","","","","","","","","","","","","","","","","","","","","","","","","","","","230000","218000","62000","50000","37000","38000","120000","208000","326000","326000","380000",
"Malta","MLT","Internally displaced persons, total displaced by conflict and violence (number of people)","VC.IDP.TOCV","","","","","","","","","","","","","","","","","","","","","","","","","","","","","","","","","","","","","","","","","","","","","","","","","","","","","","","","","","","","","","","",
"Myanmar","MMR","Internally displaced persons, total displaced by conflict and violence (number of people)","VC.IDP.TOCV","","","","","","","","","","","","","","","","","","","","","","","","","","","","","","","","","","","","","","","","","","","","","","","","","","470000","446000","450000","450000","641000","645000","644000","644000","635000","401000","457000","505000","649000","1498000",
"Middle East & North Africa (excluding high income)","MNA","Internally displaced persons, total displaced by conflict and violence (number of people)","VC.IDP.TOCV","","","","","","","","","","","","","","","","","","","","","","","","","","","","","","","","","","","","","","","","","","","","","","","","","","","","","","","","","","","","","","","",
"Montenegro","MNE","Internally displaced persons, total displaced by conflict and violence (number of people)","VC.IDP.TOCV","","","","","","","","","","","","","","","","","","","","","","","","","","","","","","","","","","","","","","","","","","","","","","","","","","","","","","","","","","","","","","","",
"Mongolia","MNG","Internally displaced persons, total displaced by conflict and violence (number of people)","VC.IDP.TOCV","","","","","","","","","","","","","","","","","","","","","","","","","","","","","","","","","","","","","","","","","","","","","","","","","","","","","","","","","","","","","","","",
"Northern Mariana Islands","MNP","Internally displaced persons, total displaced by conflict and violence (number of people)","VC.IDP.TOCV","","","","","","","","","","","","","","","","","","","","","","","","","","","","","","","","","","","","","","","","","","","","","","","","","","","","","","","","","","","","","","","",
"Mozambique","MOZ","Internally displaced persons, total displaced by conflict and violence (number of people)","VC.IDP.TOCV","","","","","","","","","","","","","","","","","","","","","","","","","","","","","","","","","","","","","","","","","","","","","","","","","","","","","","","","","15000","10000","14000","95000","676000","735000","1030000",
"Mauritania","MRT","Internally displaced persons, total displaced by conflict and violence (number of people)","VC.IDP.TOCV","","","","","","","","","","","","","","","","","","","","","","","","","","","","","","","","","","","","","","","","","","","","","","","","","","","","","","","","","","","","","","","",
"Mauritius","MUS","Internally displaced persons, total displaced by conflict and violence (number of people)","VC.IDP.TOCV","","","","","","","","","","","","","","","","","","","","","","","","","","","","","","","","","","","","","","","","","","","","","","","","","","","","","","","","","","","","","","","",
"Malawi","MWI","Internally displaced persons, total displaced by conflict and violence (number of people)","VC.IDP.TOCV","","","","","","","","","","","","","","","","","","","","","","","","","","","","","","","","","","","","","","","","","","","","","","","","","","","","","","","","","","","","","","","",
"Malaysia","MYS","Internally displaced persons, total displaced by conflict and violence (number of people)","VC.IDP.TOCV","","","","","","","","","","","","","","","","","","","","","","","","","","","","","","","","","","","","","","","","","","","","","","","","","","","","","","","","","","","","","","","",
"North America","NAC","Internally displaced persons, total displaced by conflict and violence (number of people)","VC.IDP.TOCV","","","","","","","","","","","","","","","","","","","","","","","","","","","","","","","","","","","","","","","","","","","","","","","","","","","","","","","","","","","","","","","",
"Namibia","NAM","Internally displaced persons, total displaced by conflict and violence (number of people)","VC.IDP.TOCV","","","","","","","","","","","","","","","","","","","","","","","","","","","","","","","","","","","","","","","","","","","","","","","","","","","","","","","","","","","","","","","",
"New Caledonia","NCL","Internally displaced persons, total displaced by conflict and violence (number of people)","VC.IDP.TOCV","","","","","","","","","","","","","","","","","","","","","","","","","","","","","","","","","","","","","","","","","","","","","","","","","","","","","","","","","","","","","140","150","150",
"Niger","NER","Internally displaced persons, total displaced by conflict and violence (number of people)","VC.IDP.TOCV","","","","","","","","","","","","","","","","","","","","","","","","","","","","","","","","","","","","","","","","","","","","","","","","","","11000","11000","11000","11000","11000","11000","153000","136000","144000","156000","195000","257000","224000","372000",
"Nigeria","NGA","Internally displaced persons, total displaced by conflict and violence (number of people)","VC.IDP.TOCV","","","","","","","","","","","","","","","","","","","","","","","","","","","","","","","","","","","","","","","","","","","","","","","","","","","","","","3300000","1075000","2096000","1955000","1702000","2243000","2583000","2730000","3228000","3646000",
"Nicaragua","NIC","Internally displaced persons, total displaced by conflict and violence (number of people)","VC.IDP.TOCV","","","","","","","","","","","","","","","","","","","","","","","","","","","","","","","","","","","","","","","","","","","","","","","","","","","","","","","","","","","","","77","77","77",
"Netherlands","NLD","Internally displaced persons, total displaced by conflict and violence (number of people)","VC.IDP.TOCV","","","","","","","","","","","","","","","","","","","","","","","","","","","","","","","","","","","","","","","","","","","","","","","","","","","","","","","","","","","","","","","",
"Norway","NOR","Internally displaced persons, total displaced by conflict and violence (number of people)","VC.IDP.TOCV","","","","","","","","","","","","","","","","","","","","","","","","","","","","","","","","","","","","","","","","","","","","","","","","","","","","","","","","","","","","","","","",
"Nepal","NPL","Internally displaced persons, total displaced by conflict and violence (number of people)","VC.IDP.TOCV","","","","","","","","","","","","","","","","","","","","","","","","","","","","","","","","","","","","","","","","","","","","","","","","","","60000","50000","50000","50000","50000","50000","50000","50000","2","","","","","",
"Nauru","NRU","Internally displaced persons, total displaced by conflict and violence (number of people)","VC.IDP.TOCV","","","","","","","","","","","","","","","","","","","","","","","","","","","","","","","","","","","","","","","","","","","","","","","","","","","","","","","","","","","","","","","",
"New Zealand","NZL","Internally displaced persons, total displaced by conflict and violence (number of people)","VC.IDP.TOCV","","","","","","","","","","","","","","","","","","","","","","","","","","","","","","","","","","","","","","","","","","","","","","","","","","","","","","","","","","","","","","","",
"OECD members","OED","Internally displaced persons, total displaced by conflict and violence (number of people)","VC.IDP.TOCV","","","","","","","","","","","","","","","","","","","","","","","","","","","","","","","","","","","","","","","","","","","","","","","","","","","","","","","","","","","","","","","",
"Oman","OMN","Internally displaced persons, total displaced by conflict and violence (number of people)","VC.IDP.TOCV","","","","","","","","","","","","","","","","","","","","","","","","","","","","","","","","","","","","","","","","","","","","","","","","","","","","","","","","","","","","","","","",
"Other small states","OSS","Internally displaced persons, total displaced by conflict and violence (number of people)","VC.IDP.TOCV","","","","","","","","","","","","","","","","","","","","","","","","","","","","","","","","","","","","","","","","","","","","","","","","","","","","","","","","","","","","","","","",
"Pakistan","PAK","Internally displaced persons, total displaced by conflict and violence (number of people)","VC.IDP.TOCV","","","","","","","","","","","","","","","","","","","","","","","","","","","","","","","","","","","","","","","","","","","","","","","","","","1230000","980000","900000","758000","747000","1900000","1459000","464000","249000","119000","106000","104000","104000","21000",
"Panama","PAN","Internally displaced persons, total displaced by conflict and violence (number of people)","VC.IDP.TOCV","","","","","","","","","","","","","","","","","","","","","","","","","","","","","","","","","","","","","","","","","","","","","","","","","","","","","","","","","","","","","","","",
"Peru","PER","Internally displaced persons, total displaced by conflict and violence (number of people)","VC.IDP.TOCV","","","","","","","","","","","","","","","","","","","","","","","","","","","","","","","","","","","","","","","","","","","","","","","","","","150000","150000","150000","150000","150000","150000","60000","62000","59000","59000","60000","60000","60000","73000",
"Philippines","PHL","Internally displaced persons, total displaced by conflict and violence (number of people)","VC.IDP.TOCV","","","","","","","","","","","","","","","","","","","","","","","","","","","","","","","","","","","","","","","","","","","","","","","","","","125000","15000","46000","","116000","78000","62000","87000","445000","301000","182000","153000","108000","102000",
"Palau","PLW","Internally displaced persons, total displaced by conflict and violence (number of people)","VC.IDP.TOCV","","","","","","","","","","","","","","","","","","","","","","","","","","","","","","","","","","","","","","","","","","","","","","","","","","","","","","","","","","","","","","","",
"Papua New Guinea","PNG","Internally displaced persons, total displaced by conflict and violence (number of people)","VC.IDP.TOCV","","","","","","","","","","","","","","","","","","","","","","","","","","","","","","","","","","","","","","","","","","","","","","","","","","","","","","","7500","6300","8400","12000","12000","14000","14000","24000","91000",
"Poland","POL","Internally displaced persons, total displaced by conflict and violence (number of people)","VC.IDP.TOCV","","","","","","","","","","","","","","","","","","","","","","","","","","","","","","","","","","","","","","","","","","","","","","","","","","","","","","","","","","","","","","","",
"Pre-demographic dividend","PRE","Internally displaced persons, total displaced by conflict and violence (number of people)","VC.IDP.TOCV","","","","","","","","","","","","","","","","","","","","","","","","","","","","","","","","","","","","","","","","","","","","","","","","","","","","","","14835700","15033700","15823800","16161200","16834900","18870500","22221900","24483900","27109100","29649600",
"Puerto Rico","PRI","Internally displaced persons, total displaced by conflict and violence (number of people)","VC.IDP.TOCV","","","","","","","","","","","","","","","","","","","","","","","","","","","","","","","","","","","","","","","","","","","","","","","","","","","","","","","","","","","","","","","",
"Korea, Dem. People's Rep.","PRK","Internally displaced persons, total displaced by conflict and violence (number of people)","VC.IDP.TOCV","","","","","","","","","","","","","","","","","","","","","","","","","","","","","","","","","","","","","","","","","","","","","","","","","","","","","","","","","","","","","","","",
"Portugal","PRT","Internally displaced persons, total displaced by conflict and violence (number of people)","VC.IDP.TOCV","","","","","","","","","","","","","","","","","","","","","","","","","","","","","","","","","","","","","","","","","","","","","","","","","","","","","","","","","","","","","","","",
"Paraguay","PRY","Internally displaced persons, total displaced by conflict and violence (number of people)","VC.IDP.TOCV","","","","","","","","","","","","","","","","","","","","","","","","","","","","","","","","","","","","","","","","","","","","","","","","","","","","","","","","","","","","","","","",
"West Bank and Gaza","PSE","Internally displaced persons, total displaced by conflict and violence (number of people)","VC.IDP.TOCV","","","","","","","","","","","","","","","","","","","","","","","","","","","","","","","","","","","","","","","","","","","","","","","","","","160000","160000","160000","144000","146000","275000","221000","193000","231000","238000","243000","131000","12000","12000",
"Pacific island small states","PSS","Internally displaced persons, total displaced by conflict and violence (number of people)","VC.IDP.TOCV","","","","","","","","","","","","","","","","","","","","","","","","","","","","","","","","","","","","","","","","","","","","","","","","","","","","","","","","","","","","","","","",
"Post-demographic dividend","PST","Internally displaced persons, total displaced by conflict and violence (number of people)","VC.IDP.TOCV","","","","","","","","","","","","","","","","","","","","","","","","","","","","","","","","","","","","","","","","","","","","","","","","","","","","","","","","","","","","","","","",
"French Polynesia","PYF","Internally displaced persons, total displaced by conflict and violence (number of people)","VC.IDP.TOCV","","","","","","","","","","","","","","","","","","","","","","","","","","","","","","","","","","","","","","","","","","","","","","","","","","","","","","","","","","","","","","","",
"Qatar","QAT","Internally displaced persons, total displaced by conflict and violence (number of people)","VC.IDP.TOCV","","","","","","","","","","","","","","","","","","","","","","","","","","","","","","","","","","","","","","","","","","","","","","","","","","","","","","","","","","","","","","","",
"Romania","ROU","Internally displaced persons, total displaced by conflict and violence (number of people)","VC.IDP.TOCV","","","","","","","","","","","","","","","","","","","","","","","","","","","","","","","","","","","","","","","","","","","","","","","","","","","","","","","","","","","","","","","",
"Russian Federation","RUS","Internally displaced persons, total displaced by conflict and violence (number of people)","VC.IDP.TOCV","","","","","","","","","","","","","","","","","","","","","","","","","","","","","","","","","","","","","","","","","","","","","","","","","","80000","78000","","29000","35000","25000","27000","19000","19000","2300","1800","1100","470","7500",
"Rwanda","RWA","Internally displaced persons, total displaced by conflict and violence (number of people)","VC.IDP.TOCV","","","","","","","","","","","","","","","","","","","","","","","","","","","","","","","","","","","","","","","","","","","","","","","","","","","","","","","","","","","","","","","",
"South Asia","SAS","Internally displaced persons, total displaced by conflict and violence (number of people)","VC.IDP.TOCV","","","","","","","","","","","","","","","","","","","","","","","","","","","","","","","","","","","","","","","","","","","","","","","","","","2913000","2785000","2601000","2819000","2470000","4125000","3765000","2980000","2815002","3659000","4023000","4578000","5363000","5485000",
"Saudi Arabia","SAU","Internally displaced persons, total displaced by conflict and violence (number of people)","VC.IDP.TOCV","","","","","","","","","","","","","","","","","","","","","","","","","","","","","","","","","","","","","","","","","","","","","","","","","","","","","","","","","","","","","","","",
"Sudan","SDN","Internally displaced persons, total displaced by conflict and violence (number of people)","VC.IDP.TOCV","","","","","","","","","","","","","","","","","","","","","","","","","","","","","","","","","","","","","","","","","","","","","","","","","","4900000","4800000","2200000","3000000","2427000","3100000","3182000","3300000","2072000","2072000","2134000","2276000","3175000","3553000",
"Senegal","SEN","Internally displaced persons, total displaced by conflict and violence (number of people)","VC.IDP.TOCV","","","","","","","","","","","","","","","","","","","","","","","","","","","","","","","","","","","","","","","","","","","","","","","","","","24000","24000","24000","22000","24000","24000","24000","24000","22000","18000","8400","8400","8400","8400",
"Singapore","SGP","Internally displaced persons, total displaced by conflict and violence (number of people)","VC.IDP.TOCV","","","","","","","","","","","","","","","","","","","","","","","","","","","","","","","","","","","","","","","","","","","","","","","","","","","","","","","","","","","","","","","",
"Solomon Islands","SLB","Internally displaced persons, total displaced by conflict and violence (number of people)","VC.IDP.TOCV","","","","","","","","","","","","","","","","","","","","","","","","","","","","","","","","","","","","","","","","","","","","","","","","","","","","","","","","","","","","","","1000","1000",
"Sierra Leone","SLE","Internally displaced persons, total displaced by conflict and violence (number of people)","VC.IDP.TOCV","","","","","","","","","","","","","","","","","","","","","","","","","","","","","","","","","","","","","","","","","","","","","","","","","","","","","","","","","","","3000","5500","5500","5500","3000",
"El Salvador","SLV","Internally displaced persons, total displaced by conflict and violence (number of people)","VC.IDP.TOCV","","","","","","","","","","","","","","","","","","","","","","","","","","","","","","","","","","","","","","","","","","","","","","","","","","","","","","","","","","","","","","","52000",
"San Marino","SMR","Internally displaced persons, total displaced by conflict and violence (number of people)","VC.IDP.TOCV","","","","","","","","","","","","","","","","","","","","","","","","","","","","","","","","","","","","","","","","","","","","","","","","","","","","","","","","","","","","","","","",
"Somalia","SOM","Internally displaced persons, total displaced by conflict and violence (number of people)","VC.IDP.TOCV","","","","","","","","","","","","","","","","","","","","","","","","","","","","","","","","","","","","","","","","","","","","","","","","","","1500000","1500000","1459000","1350000","1100000","1107000","1223000","1107000","825000","2648000","2648000","2968000","2968000","3864000",
"Serbia","SRB","Internally displaced persons, total displaced by conflict and violence (number of people)","VC.IDP.TOCV","","","","","","","","","","","","","","","","","","","","","","","","","","","","","","","","","","","","","","","","","","","","","","","","","","225000","225000","225000","225000","97000","97000","","","","","","","","195000",
"Sub-Saharan Africa (excluding high income)","SSA","Internally displaced persons, total displaced by conflict and violence (number of people)","VC.IDP.TOCV","","","","","","","","","","","","","","","","","","","","","","","","","","","","","","","","","","","","","","","","","","","","","","","","","","","","","","","","","12184200","14010900","16452500","19019900","21772900","25197100","27938600",
"South Sudan","SSD","Internally displaced persons, total displaced by conflict and violence (number of people)","VC.IDP.TOCV","","","","","","","","","","","","","","","","","","","","","","","","","","","","","","","","","","","","","","","","","","","","","","","","","","","","350000","350000","383000","1498000","1697000","1847000","1899000","1869000","1352000","1436000","1369000","1475000",
"Sub-Saharan Africa","SSF","Internally displaced persons, total displaced by conflict and violence (number of people)","VC.IDP.TOCV","","","","","","","","","","","","","","","","","","","","","","","","","","","","","","","","","","","","","","","","","","","","","","","","","","","","","","","","","12184200","14010900","16452500","19019900","21772900","25197100","27938600",
"Small states","SST","Internally displaced persons, total displaced by conflict and violence (number of people)","VC.IDP.TOCV","","","","","","","","","","","","","","","","","","","","","","","","","","","","","","","","","","","","","","","","","","","","","","","","","","","","","","","","","","","","","","","",
"Sao Tome and Principe","STP","Internally displaced persons, total displaced by conflict and violence (number of people)","VC.IDP.TOCV","","","","","","","","","","","","","","","","","","","","","","","","","","","","","","","","","","","","","","","","","","","","","","","","","","","","","","","","","","","","","","","",
"Suriname","SUR","Internally displaced persons, total displaced by conflict and violence (number of people)","VC.IDP.TOCV","","","","","","","","","","","","","","","","","","","","","","","","","","","","","","","","","","","","","","","","","","","","","","","","","","","","","","","","","","","","","","","",
"Slovak Republic","SVK","Internally displaced persons, total displaced by conflict and violence (number of people)","VC.IDP.TOCV","","","","","","","","","","","","","","","","","","","","","","","","","","","","","","","","","","","","","","","","","","","","","","","","","","","","","","","","","","","","","","","",
"Slovenia","SVN","Internally displaced persons, total displaced by conflict and violence (number of people)","VC.IDP.TOCV","","","","","","","","","","","","","","","","","","","","","","","","","","","","","","","","","","","","","","","","","","","","","","","","","","","","","","","","","","","","","","","",
"Sweden","SWE","Internally displaced persons, total displaced by conflict and violence (number of people)","VC.IDP.TOCV","","","","","","","","","","","","","","","","","","","","","","","","","","","","","","","","","","","","","","","","","","","","","","","","","","","","","","","","","","","","","","","",
"Eswatini","SWZ","Internally displaced persons, total displaced by conflict and violence (number of people)","VC.IDP.TOCV","","","","","","","","","","","","","","","","","","","","","","","","","","","","","","","","","","","","","","","","","","","","","","","","","","","","","","","","","","","","","","","",
"Sint Maarten (Dutch part)","SXM","Internally displaced persons, total displaced by conflict and violence (number of people)","VC.IDP.TOCV","","","","","","","","","","","","","","","","","","","","","","","","","","","","","","","","","","","","","","","","","","","","","","","","","","","","","","","","","","","","","","","",
"Seychelles","SYC","Internally displaced persons, total displaced by conflict and violence (number of people)","VC.IDP.TOCV","","","","","","","","","","","","","","","","","","","","","","","","","","","","","","","","","","","","","","","","","","","","","","","","","","","","","","","","","","","","","","","",
"Syrian Arab Republic","SYR","Internally displaced persons, total displaced by conflict and violence (number of people)","VC.IDP.TOCV","","","","","","","","","","","","","","","","","","","","","","","","","","","","","","","","","","","","","","","","","","","","","","","","","","433000","433000","600000","3000000","6500000","7600000","6600000","6326000","6784000","6119000","6495000","6568000","6662000","6865000",
"Turks and Caicos Islands","TCA","Internally displaced persons, total displaced by conflict and violence (number of people)","VC.IDP.TOCV","","","","","","","","","","","","","","","","","","","","","","","","","","","","","","","","","","","","","","","","","","","","","","","","","","","","","","","","","","","","","","","",
"Chad","TCD","Internally displaced persons, total displaced by conflict and violence (number of people)","VC.IDP.TOCV","","","","","","","","","","","","","","","","","","","","","","","","","","","","","","","","","","","","","","","","","","","","","","","","","","168000","171000","126000","90000","90000","71000","107000","108000","158000","90000","176000","342000","397000","300000",
"East Asia & Pacific (IDA & IBRD countries)","TEA","Internally displaced persons, total displaced by conflict and violence (number of people)","VC.IDP.TOCV","","","","","","","","","","","","","","","","","","","","","","","","","","","","","","","","","","","","","","","","","","","","","","","","","","","","","","","","","","","","","","","",
"Europe & Central Asia (IDA & IBRD countries)","TEC","Internally displaced persons, total displaced by conflict and violence (number of people)","VC.IDP.TOCV","","","","","","","","","","","","","","","","","","","","","","","","","","","","","","","","","","","","","","","","","","","","","","","","","","","","","","","2657020","","","","","","","","8302130",
"Togo","TGO","Internally displaced persons, total displaced by conflict and violence (number of people)","VC.IDP.TOCV","","","","","","","","","","","","","","","","","","","","","","","","","","","","","","","","","","","","","","","","","","","","","","","","","","10000","10000","10000","10000","10000","10000","3000","1500","","","","","","2300",
"Thailand","THA","Internally displaced persons, total displaced by conflict and violence (number of people)","VC.IDP.TOCV","","","","","","","","","","","","","","","","","","","","","","","","","","","","","","","","","","","","","","","","","","","","","","","","","","","","35000","35000","35000","35000","35000","35000","41000","41000","41000","41000","41000","41000",
"Tajikistan","TJK","Internally displaced persons, total displaced by conflict and violence (number of people)","VC.IDP.TOCV","","","","","","","","","","","","","","","","","","","","","","","","","","","","","","","","","","","","","","","","","","","","","","","","","","","","","","","","","","","","","","","",
"Turkmenistan","TKM","Internally displaced persons, total displaced by conflict and violence (number of people)","VC.IDP.TOCV","","","","","","","","","","","","","","","","","","","","","","","","","","","","","","","","","","","","","","","","","","","","","","","","","","4000","4000","4000","4000","4000","4000","","","","","","","","",
"Latin America & the Caribbean (IDA & IBRD countries)","TLA","Internally displaced persons, total displaced by conflict and violence (number of people)","VC.IDP.TOCV","","","","","","","","","","","","","","","","","","","","","","","","","","","","","","","","","","","","","","","","","","","","","","","","","","","","","","","","","","","","","","6201077","5942677",
"Timor-Leste","TLS","Internally displaced persons, total displaced by conflict and violence (number of people)","VC.IDP.TOCV","","","","","","","","","","","","","","","","","","","","","","","","","","","","","","","","","","","","","","","","","","","","","","","","","","400","400","900","900","900","900","","","","","","","","",
"Middle East & North Africa (IDA & IBRD countries)","TMN","Internally displaced persons, total displaced by conflict and violence (number of people)","VC.IDP.TOCV","","","","","","","","","","","","","","","","","","","","","","","","","","","","","","","","","","","","","","","","","","","","","","","","","","","","","","","","","","","","","","","",
"Tonga","TON","Internally displaced persons, total displaced by conflict and violence (number of people)","VC.IDP.TOCV","","","","","","","","","","","","","","","","","","","","","","","","","","","","","","","","","","","","","","","","","","","","","","","","","","","","","","","","","","","","","","","",
"South Asia (IDA & IBRD)","TSA","Internally displaced persons, total displaced by conflict and violence (number of people)","VC.IDP.TOCV","","","","","","","","","","","","","","","","","","","","","","","","","","","","","","","","","","","","","","","","","","","","","","","","","","2913000","2785000","2601000","2819000","2470000","4125000","3765000","2980000","2815002","3659000","4023000","4578000","5363000","5485000",
"Sub-Saharan Africa (IDA & IBRD countries)","TSS","Internally displaced persons, total displaced by conflict and violence (number of people)","VC.IDP.TOCV","","","","","","","","","","","","","","","","","","","","","","","","","","","","","","","","","","","","","","","","","","","","","","","","","","","","","","","","","12184200","14010900","16452500","19019900","21772900","25197100","27938600",
"Trinidad and Tobago","TTO","Internally displaced persons, total displaced by conflict and violence (number of people)","VC.IDP.TOCV","","","","","","","","","","","","","","","","","","","","","","","","","","","","","","","","","","","","","","","","","","","","","","","","","","","","","","","","","","","","","","","",
"Tunisia","TUN","Internally displaced persons, total displaced by conflict and violence (number of people)","VC.IDP.TOCV","","","","","","","","","","","","","","","","","","","","","","","","","","","","","","","","","","","","","","","","","","","","","","","","","","","","","","","","","","","","","","","",
"Turkiye","TUR","Internally displaced persons, total displaced by conflict and violence (number of people)","VC.IDP.TOCV","","","","","","","","","","","","","","","","","","","","","","","","","","","","","","","","","","","","","","","","","","","","","","","","","","1000000","1000000","1000000","1000000","954000","954000","954000","1108000","1113000","1097000","1099000","1099000","1099000","1099000",
"Tuvalu","TUV","Internally displaced persons, total displaced by conflict and violence (number of people)","VC.IDP.TOCV","","","","","","","","","","","","","","","","","","","","","","","","","","","","","","","","","","","","","","","","","","","","","","","","","","","","","","","","","","","","","","","",
"Tanzania","TZA","Internally displaced persons, total displaced by conflict and violence (number of people)","VC.IDP.TOCV","","","","","","","","","","","","","","","","","","","","","","","","","","","","","","","","","","","","","","","","","","","","","","","","","","","","","","","","","","","","","","","",
"Uganda","UGA","Internally displaced persons, total displaced by conflict and violence (number of people)","VC.IDP.TOCV","","","","","","","","","","","","","","","","","","","","","","","","","","","","","","","","","","","","","","","","","","","","","","","","","","435000","166000","30000","30000","30000","30000","30000","53000","24000","32000","32000","1000","1700","4800",
"Ukraine","UKR","Internally displaced persons, total displaced by conflict and violence (number of people)","VC.IDP.TOCV","","","","","","","","","","","","","","","","","","","","","","","","","","","","","","","","","","","","","","","","","","","","","","","","","","","","","","","646000","1679000","1653000","800000","800000","730000","734000","854000","5914000",
"Upper middle income","UMC","Internally displaced persons, total displaced by conflict and violence (number of people)","VC.IDP.TOCV","","","","","","","","","","","","","","","","","","","","","","","","","","","","","","","","","","","","","","","","","","","","","","","","","","","","","","","","","","","","","","","",
"Uruguay","URY","Internally displaced persons, total displaced by conflict and violence (number of people)","VC.IDP.TOCV","","","","","","","","","","","","","","","","","","","","","","","","","","","","","","","","","","","","","","","","","","","","","","","","","","","","","","","","","","","","","","","",
"United States","USA","Internally displaced persons, total displaced by conflict and violence (number of people)","VC.IDP.TOCV","","","","","","","","","","","","","","","","","","","","","","","","","","","","","","","","","","","","","","","","","","","","","","","","","","","","","","","","","","","","","","","",
"Uzbekistan","UZB","Internally displaced persons, total displaced by conflict and violence (number of people)","VC.IDP.TOCV","","","","","","","","","","","","","","","","","","","","","","","","","","","","","","","","","","","","","","","","","","","","","","","","","","3400","3400","3400","3400","3400","3400","","","","","","","","",
"St. Vincent and the Grenadines","VCT","Internally displaced persons, total displaced by conflict and violence (number of people)","VC.IDP.TOCV","","","","","","","","","","","","","","","","","","","","","","","","","","","","","","","","","","","","","","","","","","","","","","","","","","","","","","","","","","","","","","","",
"Venezuela, RB","VEN","Internally displaced persons, total displaced by conflict and violence (number of people)","VC.IDP.TOCV","","","","","","","","","","","","","","","","","","","","","","","","","","","","","","","","","","","","","","","","","","","","","","","","","","","","","","","","","","","","","","","",
"British Virgin Islands","VGB","Internally displaced persons, total displaced by conflict and violence (number of people)","VC.IDP.TOCV","","","","","","","","","","","","","","","","","","","","","","","","","","","","","","","","","","","","","","","","","","","","","","","","","","","","","","","","","","","","","","","",
"Virgin Islands (U.S.)","VIR","Internally displaced persons, total displaced by conflict and violence (number of people)","VC.IDP.TOCV","","","","","","","","","","","","","","","","","","","","","","","","","","","","","","","","","","","","","","","","","","","","","","","","","","","","","","","","","","","","","","","",
"Vietnam","VNM","Internally displaced persons, total displaced by conflict and violence (number of people)","VC.IDP.TOCV","","","","","","","","","","","","","","","","","","","","","","","","","","","","","","","","","","","","","","","","","","","","","","","","","","","","","","","","","","","","","","","",
"Vanuatu","VUT","Internally displaced persons, total displaced by conflict and violence (number of people)","VC.IDP.TOCV","","","","","","","","","","","","","","","","","","","","","","","","","","","","","","","","","","","","","","","","","","","","","","","","","","","","","","","","","","","","","","","",
"World","WLD","Internally displaced persons, total displaced by conflict and violence (number of people)","VC.IDP.TOCV","","","","","","","","","","","","","","","","","","","","","","","","","","","","","","","","","","","","","","","","","","","","","","","","","","","","","","","","","","","","","","","",
"Samoa","WSM","Internally displaced persons, total displaced by conflict and violence (number of people)","VC.IDP.TOCV","","","","","","","","","","","","","","","","","","","","","","","","","","","","","","","","","","","","","","","","","","","","","","","","","","","","","","","","","","","","","","","",
"Kosovo","XKX","Internally displaced persons, total displaced by conflict and violence (number of people)","VC.IDP.TOCV","","","","","","","","","","","","","","","","","","","","","","","","","","","","","","","","","","","","","","","","","","","","","","","","","","20000","18000","18000","18000","17000","17000","17000","17000","16000","16000","16000","16000","16000","16000",
"Yemen, Rep.","YEM","Internally displaced persons, total displaced by conflict and violence (number of people)","VC.IDP.TOCV","","","","","","","","","","","","","","","","","","","","","","","","","","","","","","","","","","","","","","","","","","","","","","","","","","175000","226000","464000","385000","307000","334000","2509000","1974000","2014000","2324000","3635000","3635000","4289000","4523000",
"South Africa","ZAF","Internally displaced persons, total displaced by conflict and violence (number of people)","VC.IDP.TOCV","","","","","","","","","","","","","","","","","","","","","","","","","","","","","","","","","","","","","","","","","","","","","","","","","","","","","","","","","","","","","","","",
"Zambia","ZMB","Internally displaced persons, total displaced by conflict and violence (number of people)","VC.IDP.TOCV","","","","","","","","","","","","","","","","","","","","","","","","","","","","","","","","","","","","","","","","","","","","","","","","","","","","","","","","","","","","","","","",
"Zimbabwe","ZWE","Internally displaced persons, total displaced by conflict and violence (number of people)","VC.IDP.TOCV","","","","","","","","","","","","","","","","","","","","","","","","","","","","","","","","","","","","","","","","","","","","","","","","","","","","","","","","","","","","","","","",
